<?xml version="1.0" encoding="UTF-8"?>
<project-private xmlns="http://www.netbeans.org/ns/project-private/1">
    <editor-bookmarks xmlns="http://www.netbeans.org/ns/editor-bookmarks/2" lastBookmarkId="0"/>
    <open-files xmlns="http://www.netbeans.org/ns/projectui-open-files/2">
        <group>
            <file>file:/C:/Users/13912471673/Documents/NetBeansProjects/ClinicaCRUD/src/visual/FormPrincipal.java</file>
            <file>file:/C:/Users/13912471673/Documents/NetBeansProjects/ClinicaCRUD/src/visual/FormCategoria.java</file>
            <file>file:/C:/Users/13912471673/Documents/NetBeansProjects/ClinicaCRUD/src/visual/FormConsulta.java</file>
            <file>file:/C:/Users/13912471673/Documents/NetBeansProjects/ClinicaCRUD/src/visual/FormFuncionario.java</file>
            <file>file:/C:/Users/13912471673/Documents/NetBeansProjects/ClinicaCRUD/src/visual/FormCliente.java</file>
        </group>
    </open-files>
</project-private>
